{"cameraMode":{"drawMode":0,"name":"Shaded","section":"Shading Mode"},"sceneLighting":false,"audioPlay":false,"sceneViewState":{"m_AlwaysRefresh":false,"showFog":true,"showSkybox":false,"showFlares":true,"showImageEffects":true,"showParticleSystems":true,"showVisualEffectGraphs":true,"m_FxEnabled":true},"in2DMode":false,"pivot":{"x":0.06319442391395569,"y":0.1300329566001892,"z":1.8160440921783448},"rotation":{"x":-0.05999228358268738,"y":0.6809366941452026,"z":0.05605337396264076,"w":0.7278242707252502},"size":0.45489245653152468,"orthographic":false}